ID,Etapa,Avance_%,Origen,Actividades_afectadas,Actividad_critica,Magnitud,Dias_adicionales
C001,Construcción,65.0,Cliente,6,Sí,Media,8
C002,Diseño,35.0,Ingeniería/Diseño,3,No,Baja,0
C003,Construcción,78.0,Cliente,10,Sí,Media,8
C004,Diseño,20.0,Ingeniería/Diseño,8,No,Media,3
C005,Construcción,55.0,Normativo/Entidad,4,Sí,Media,6
C006,Construcción,85.0,Construcción/Obra,2,No,Baja,9
C007,Diseño,45.0,Cliente,12,Sí,Alta,3
C008,Cierre,92.0,Ingeniería/Diseño,3,No,Baja,4
C009,Construcción,30.0,Cliente,15,Sí,Alta,11
C010,Construcción,70.0,Normativo/Entidad,7,No,Media,6
C011,Construcción,12.9,Ingeniería/Diseño,12,No,Baja,9
C012,Construcción,68.6,Cliente,2,Sí,Alta,21
C013,Construcción,74.8,Ingeniería/Diseño,12,Sí,Alta,24
C014,Diseño,74.7,Ingeniería/Diseño,4,No,Media,7
C015,Construcción,69.7,Ingeniería/Diseño,20,Sí,Media,24
C016,Diseño,6.1,Ingeniería/Diseño,3,Sí,Media,11
C017,Diseño,34.2,Ingeniería/Diseño,20,No,Media,18
C018,Diseño,34.4,Ingeniería/Diseño,4,Sí,Media,12
C019,Construcción,77.0,Cliente,5,No,Baja,12
C020,Construcción,59.9,Ingeniería/Diseño,16,No,Media,16
C021,Diseño,32.3,Normativo/Entidad,5,No,Media,9
C022,Construcción,35.0,Ingeniería/Diseño,6,No,Baja,6
C023,Construcción,36.5,Construcción/Obra,13,No,Alta,13
C024,Construcción,74.7,Ingeniería/Diseño,1,No,Alta,13
C025,Diseño,95.1,Ingeniería/Diseño,20,No,Media,4
C026,Construcción,66.3,Ingeniería/Diseño,8,Sí,Baja,10
C027,Diseño,79.3,Ingeniería/Diseño,11,No,Media,8
C028,Construcción,58.6,Ingeniería/Diseño,8,No,Baja,18
C029,Construcción,27.5,Ingeniería/Diseño,2,No,Alta,13
C030,Construcción,69.5,Ingeniería/Diseño,7,No,Media,15
C031,Diseño,98.8,Ingeniería/Diseño,17,Sí,Media,17
C032,Construcción,47.3,Cliente,2,No,Baja,11
C033,Construcción,3.4,Cliente,7,No,Media,11
C034,Construcción,69.4,Construcción/Obra,1,Sí,Baja,13
C035,Construcción,58.7,Ingeniería/Diseño,1,Sí,Alta,28
C036,Construcción,30.0,Cliente,9,No,Alta,22
C037,Construcción,39.9,Cliente,5,Sí,Alta,20
C038,Construcción,66.6,Ingeniería/Diseño,4,Sí,Baja,22
C039,Construcción,82.9,Ingeniería/Diseño,18,No,Media,15
C040,Construcción,16.8,Cliente,1,Sí,Alta,19
C041,Construcción,43.9,Normativo/Entidad,1,Sí,Media,11
C042,Diseño,49.1,Construcción/Obra,3,No,Baja,6
C043,Diseño,72.2,Construcción/Obra,1,No,Alta,14
C044,Diseño,93.9,Normativo/Entidad,2,Sí,Alta,16
C045,Construcción,89.7,Cliente,7,No,Media,13
C046,Construcción,6.2,Construcción/Obra,12,No,Media,7
C047,Cierre,4.5,Normativo/Entidad,14,No,Baja,6
C048,Diseño,46.7,Ingeniería/Diseño,4,No,Media,9
C049,Cierre,92.1,Cliente,8,No,Media,18
C050,Construcción,13.6,Cliente,16,No,Media,13
C051,Diseño,6.4,Cliente,3,No,Alta,5
C052,Construcción,83.8,Normativo/Entidad,3,No,Media,9
C053,Construcción,66.6,Construcción/Obra,4,Sí,Media,22
C054,Diseño,95.5,Cliente,9,Sí,Baja,15
C055,Construcción,70.3,Cliente,6,No,Alta,17
C056,Diseño,61.9,Ingeniería/Diseño,5,Sí,Media,19
C057,Construcción,99.6,Ingeniería/Diseño,9,Sí,Media,16
C058,Cierre,28.8,Normativo/Entidad,1,Sí,Alta,22
C059,Construcción,67.5,Construcción/Obra,10,No,Baja,18
C060,Construcción,73.4,Construcción/Obra,12,No,Alta,20
C061,Construcción,95.2,Cliente,2,No,Alta,17
C062,Cierre,96.2,Construcción/Obra,2,Sí,Baja,15
C063,Construcción,45.0,Ingeniería/Diseño,4,No,Baja,8
C064,Diseño,12.8,Normativo/Entidad,17,Sí,Media,9
C065,Diseño,94.3,Cliente,20,No,Baja,6
C066,Cierre,18.5,Ingeniería/Diseño,7,No,Media,11
C067,Construcción,6.7,Cliente,8,Sí,Media,21
C068,Diseño,13.7,Cliente,14,No,Baja,0
C069,Diseño,35.6,Ingeniería/Diseño,5,No,Baja,7
C070,Cierre,11.3,Cliente,10,No,Alta,15
C071,Diseño,38.7,Cliente,11,No,Media,10
C072,Diseño,27.9,Cliente,2,No,Alta,14
C073,Construcción,66.7,Ingeniería/Diseño,4,Sí,Alta,20
C074,Construcción,2.7,Ingeniería/Diseño,18,No,Alta,12
C075,Diseño,72.9,Ingeniería/Diseño,4,No,Baja,11
C076,Cierre,51.5,Normativo/Entidad,18,No,Media,13
C077,Diseño,63.2,Ingeniería/Diseño,6,Sí,Media,15
C078,Construcción,9.2,Cliente,8,No,Media,7
C079,Construcción,46.5,Ingeniería/Diseño,2,No,Baja,7
C080,Construcción,46.5,Ingeniería/Diseño,3,No,Baja,5
C081,Construcción,58.0,Construcción/Obra,7,Sí,Media,14
C082,Construcción,95.9,Cliente,4,No,Media,16
C083,Cierre,74.7,Normativo/Entidad,1,No,Media,17
C084,Cierre,81.8,Ingeniería/Diseño,19,No,Baja,16
C085,Construcción,81.4,Normativo/Entidad,10,No,Alta,17
C086,Construcción,57.0,Cliente,19,No,Media,19
C087,Construcción,71.7,Cliente,5,No,Media,14
C088,Construcción,67.2,Construcción/Obra,19,No,Baja,11
C089,Diseño,84.4,Ingeniería/Diseño,5,No,Media,8
C090,Construcción,97.2,Normativo/Entidad,18,Sí,Media,20
C091,Diseño,78.1,Construcción/Obra,3,Sí,Media,18
C092,Construcción,61.6,Cliente,13,No,Media,17
C093,Construcción,94.6,Normativo/Entidad,3,No,Media,20
C094,Cierre,95.6,Ingeniería/Diseño,11,Sí,Media,26
C095,Cierre,94.5,Normativo/Entidad,1,No,Alta,22
C096,Diseño,67.2,Cliente,6,Sí,Baja,7
C097,Construcción,47.2,Cliente,4,No,Media,14
C098,Diseño,21.2,Cliente,10,No,Baja,6
C099,Cierre,96.5,Cliente,5,Sí,Media,22
C100,Construcción,12.1,Cliente,7,No,Alta,20
C101,Diseño,11.2,Ingeniería/Diseño,19,Sí,Baja,11
C102,Construcción,37.5,Cliente,12,No,Baja,20
C103,Construcción,22.5,Ingeniería/Diseño,1,No,Media,12
C104,Construcción,79.9,Construcción/Obra,4,No,Alta,21
C105,Construcción,86.8,Normativo/Entidad,2,Sí,Baja,16
C106,Cierre,43.1,Normativo/Entidad,5,No,Media,15
C107,Construcción,44.7,Ingeniería/Diseño,7,No,Media,10
C108,Construcción,93.9,Construcción/Obra,3,Sí,Media,20
C109,Construcción,20.7,Ingeniería/Diseño,6,No,Baja,10
C110,Construcción,37.0,Cliente,18,Sí,Alta,21
C111,Construcción,81.1,Normativo/Entidad,6,No,Alta,27
C112,Diseño,74.1,Construcción/Obra,14,No,Media,8
C113,Diseño,41.9,Cliente,1,Sí,Media,12
C114,Construcción,24.0,Cliente,16,No,Alta,16
C115,Diseño,47.0,Normativo/Entidad,12,No,Media,9
C116,Construcción,82.9,Cliente,6,No,Media,16
C117,Diseño,12.2,Ingeniería/Diseño,1,Sí,Alta,13
C118,Construcción,73.4,Construcción/Obra,10,Sí,Baja,17
C119,Construcción,32.3,Cliente,8,Sí,Baja,11
C120,Construcción,68.1,Ingeniería/Diseño,2,No,Media,13
C121,Diseño,96.4,Cliente,19,No,Media,15
C122,Construcción,66.5,Construcción/Obra,9,No,Baja,5
C123,Construcción,39.5,Construcción/Obra,4,No,Media,5
C124,Construcción,41.9,Construcción/Obra,20,No,Alta,17
C125,Construcción,37.3,Cliente,9,Sí,Baja,12
C126,Construcción,68.4,Cliente,1,No,Baja,7
C127,Diseño,30.3,Cliente,1,No,Media,5
C128,Diseño,72.2,Construcción/Obra,3,No,Alta,18
C129,Construcción,66.5,Construcción/Obra,1,No,Media,10
C130,Diseño,1.5,Ingeniería/Diseño,9,No,Baja,3
C131,Construcción,32.6,Cliente,3,No,Baja,4
C132,Construcción,40.8,Normativo/Entidad,13,Sí,Alta,24
C133,Diseño,58.9,Cliente,10,No,Baja,5
C134,Construcción,56.6,Normativo/Entidad,1,No,Baja,9
C135,Construcción,92.3,Cliente,12,No,Baja,9
C136,Construcción,60.2,Cliente,6,No,Media,6
C137,Construcción,55.0,Cliente,1,Sí,Media,15
C138,Diseño,71.1,Construcción/Obra,4,No,Baja,5
C139,Construcción,60.9,Cliente,1,No,Baja,7
C140,Diseño,45.2,Cliente,7,Sí,Media,10
C141,Cierre,55.4,Cliente,2,Sí,Baja,12
C142,Construcción,19.1,Cliente,2,Sí,Media,13
C143,Construcción,57.6,Cliente,1,No,Media,8
C144,Cierre,62.4,Cliente,10,Sí,Media,21
C145,Construcción,68.9,Normativo/Entidad,5,No,Media,4
C146,Cierre,53.5,Ingeniería/Diseño,5,No,Media,11
C147,Diseño,2.3,Ingeniería/Diseño,11,Sí,Baja,4
C148,Diseño,98.7,Ingeniería/Diseño,6,No,Baja,9
C149,Construcción,6.6,Construcción/Obra,11,No,Media,11
C150,Cierre,73.9,Ingeniería/Diseño,6,No,Baja,12
C151,Diseño,9.2,Cliente,19,No,Baja,4
C152,Construcción,63.0,Ingeniería/Diseño,17,No,Media,15
C153,Cierre,71.8,Ingeniería/Diseño,1,No,Media,16
C154,Construcción,97.1,Cliente,5,No,Baja,9
C155,Cierre,70.6,Cliente,5,Sí,Media,18
C156,Cierre,17.3,Normativo/Entidad,1,No,Baja,6
C157,Cierre,66.3,Ingeniería/Diseño,1,No,Media,14
C158,Cierre,2.2,Ingeniería/Diseño,10,No,Media,10
C159,Construcción,76.7,Construcción/Obra,7,No,Media,11
C160,Construcción,91.4,Cliente,6,No,Baja,21
C161,Construcción,96.3,Cliente,7,No,Media,17
C162,Construcción,65.1,Construcción/Obra,18,No,Alta,24
C163,Diseño,60.4,Normativo/Entidad,2,No,Baja,6
C164,Construcción,53.8,Construcción/Obra,4,Sí,Media,15
C165,Diseño,64.4,Ingeniería/Diseño,3,Sí,Baja,16
C166,Construcción,10.3,Cliente,3,No,Alta,9
C167,Construcción,54.8,Ingeniería/Diseño,13,Sí,Media,18
C168,Diseño,19.5,Normativo/Entidad,7,Sí,Baja,6
C169,Construcción,17.8,Ingeniería/Diseño,4,No,Alta,18
C170,Diseño,12.7,Construcción/Obra,11,No,Media,4
C171,Construcción,98.2,Cliente,14,Sí,Media,21
C172,Construcción,18.1,Cliente,20,No,Media,17
C173,Diseño,84.9,Ingeniería/Diseño,19,No,Baja,0
C174,Diseño,3.2,Cliente,12,Sí,Baja,10
C175,Construcción,85.6,Cliente,5,No,Media,16
C176,Construcción,54.7,Cliente,15,Sí,Baja,14
C177,Construcción,56.3,Ingeniería/Diseño,15,No,Media,7
C178,Construcción,70.1,Normativo/Entidad,1,No,Baja,10
C179,Construcción,1.1,Cliente,7,Sí,Media,11
C180,Construcción,55.6,Construcción/Obra,6,No,Media,17
C181,Cierre,99.1,Ingeniería/Diseño,3,Sí,Alta,30
C182,Construcción,95.3,Ingeniería/Diseño,5,No,Baja,6
C183,Construcción,43.5,Cliente,10,No,Media,16
C184,Cierre,16.4,Cliente,17,No,Baja,7
C185,Construcción,81.2,Ingeniería/Diseño,4,No,Media,7
C186,Diseño,70.2,Ingeniería/Diseño,1,No,Media,9
C187,Diseño,57.9,Ingeniería/Diseño,7,No,Media,9
C188,Construcción,48.8,Cliente,3,No,Media,14
C189,Construcción,95.0,Normativo/Entidad,19,Sí,Media,16
C190,Construcción,28.6,Cliente,8,Sí,Media,19
C191,Construcción,9.7,Cliente,2,Sí,Media,12
C192,Construcción,76.4,Cliente,5,No,Baja,8
C193,Construcción,94.2,Normativo/Entidad,1,No,Media,18
C194,Diseño,6.6,Cliente,20,Sí,Media,20
C195,Construcción,60.7,Ingeniería/Diseño,11,No,Baja,9
C196,Diseño,33.2,Ingeniería/Diseño,10,No,Media,10
C197,Construcción,77.9,Ingeniería/Diseño,6,Sí,Media,14
C198,Cierre,3.0,Ingeniería/Diseño,12,No,Media,12
C199,Diseño,67.0,Cliente,4,Sí,Media,19
C200,Construcción,54.9,Ingeniería/Diseño,2,No,Media,18
C201,Construcción,55.0,Cliente,8,No,Baja,7
C202,Construcción,9.1,Cliente,10,No,Baja,2
C203,Diseño,22.8,Construcción/Obra,2,Sí,Media,11
C204,Construcción,57.0,Construcción/Obra,15,Sí,Media,19
C205,Construcción,65.7,Construcción/Obra,4,No,Baja,18
C206,Construcción,82.5,Cliente,9,No,Media,9
C207,Construcción,53.2,Cliente,8,No,Baja,10
C208,Diseño,72.2,Normativo/Entidad,9,No,Alta,10
C209,Cierre,96.2,Cliente,5,No,Media,24
C210,Diseño,59.3,Normativo/Entidad,7,No,Baja,14
C211,Diseño,40.1,Cliente,17,No,Media,18
C212,Diseño,89.2,Cliente,12,No,Media,10
C213,Diseño,23.4,Normativo/Entidad,9,No,Baja,1
C214,Construcción,13.3,Cliente,4,Sí,Media,12
C215,Cierre,58.2,Ingeniería/Diseño,4,No,Alta,20
C216,Cierre,29.3,Cliente,3,Sí,Media,15
C217,Construcción,34.6,Cliente,6,No,Media,11
C218,Diseño,92.5,Construcción/Obra,1,No,Baja,7
C219,Construcción,51.9,Normativo/Entidad,14,No,Baja,9
C220,Construcción,94.9,Normativo/Entidad,8,No,Media,17
C221,Construcción,69.4,Cliente,12,No,Media,13
C222,Construcción,53.3,Cliente,1,No,Alta,15
C223,Cierre,69.8,Ingeniería/Diseño,6,No,Baja,5
C224,Construcción,12.7,Ingeniería/Diseño,16,Sí,Media,11
C225,Cierre,59.9,Normativo/Entidad,5,No,Media,14
C226,Diseño,27.3,Ingeniería/Diseño,8,No,Media,10
C227,Construcción,32.3,Ingeniería/Diseño,5,No,Media,8
C228,Diseño,58.0,Ingeniería/Diseño,5,No,Baja,0
C229,Construcción,62.0,Cliente,2,No,Baja,8
C230,Cierre,66.5,Cliente,13,No,Media,21
C231,Construcción,53.2,Ingeniería/Diseño,17,No,Alta,19
C232,Construcción,39.7,Ingeniería/Diseño,13,No,Media,14
C233,Cierre,73.2,Normativo/Entidad,18,Sí,Media,26
C234,Cierre,30.5,Cliente,5,Sí,Media,17
C235,Cierre,0.3,Cliente,8,No,Media,5
C236,Construcción,29.7,Cliente,1,No,Media,7
C237,Diseño,39.0,Normativo/Entidad,17,Sí,Media,14
C238,Construcción,86.9,Cliente,10,No,Media,8
C239,Diseño,64.6,Normativo/Entidad,2,Sí,Baja,8
C240,Construcción,79.6,Construcción/Obra,7,Sí,Media,11
C241,Construcción,40.0,Ingeniería/Diseño,11,No,Alta,16
C242,Diseño,56.4,Ingeniería/Diseño,2,No,Media,11
C243,Diseño,66.0,Ingeniería/Diseño,1,No,Baja,6
C244,Diseño,48.7,Cliente,3,Sí,Baja,5
C245,Diseño,47.1,Normativo/Entidad,2,No,Baja,8
C246,Construcción,51.9,Construcción/Obra,5,Sí,Baja,18
C247,Diseño,15.6,Ingeniería/Diseño,18,Sí,Baja,10
C248,Diseño,18.4,Cliente,16,Sí,Media,7
C249,Construcción,17.5,Construcción/Obra,9,No,Baja,7
C250,Diseño,71.5,Cliente,1,No,Baja,5
C251,Diseño,45.2,Construcción/Obra,1,No,Baja,3
C252,Construcción,84.2,Ingeniería/Diseño,3,Sí,Media,22
C253,Construcción,28.0,Cliente,14,No,Media,13
C254,Construcción,46.0,Ingeniería/Diseño,12,No,Media,12
C255,Cierre,98.9,Ingeniería/Diseño,3,No,Media,16
C256,Construcción,89.1,Ingeniería/Diseño,11,Sí,Media,14
C257,Diseño,59.5,Normativo/Entidad,11,No,Media,11
C258,Diseño,51.8,Construcción/Obra,8,No,Baja,7
C259,Diseño,93.5,Ingeniería/Diseño,5,No,Alta,18
C260,Construcción,53.4,Construcción/Obra,7,No,Alta,14
C261,Construcción,5.8,Cliente,6,No,Baja,2
C262,Construcción,80.4,Ingeniería/Diseño,6,No,Baja,9
C263,Diseño,52.2,Cliente,10,Sí,Media,14
C264,Diseño,80.8,Ingeniería/Diseño,5,No,Alta,13
C265,Diseño,71.3,Cliente,7,No,Media,15
C266,Cierre,15.3,Ingeniería/Diseño,4,No,Alta,24
C267,Cierre,94.5,Ingeniería/Diseño,1,No,Media,17
C268,Construcción,79.9,Ingeniería/Diseño,7,Sí,Media,15
C269,Construcción,22.7,Ingeniería/Diseño,6,No,Baja,12
C270,Construcción,47.6,Ingeniería/Diseño,12,No,Alta,13
C271,Construcción,80.9,Ingeniería/Diseño,6,No,Alta,21
C272,Construcción,29.7,Cliente,17,No,Media,14
C273,Diseño,23.6,Cliente,4,Sí,Alta,13
C274,Diseño,96.7,Cliente,15,No,Media,7
C275,Construcción,82.7,Cliente,8,No,Alta,22
C276,Cierre,51.1,Cliente,18,No,Media,15
C277,Construcción,81.8,Construcción/Obra,6,Sí,Media,18
C278,Diseño,55.3,Ingeniería/Diseño,19,No,Alta,14
C279,Construcción,80.9,Ingeniería/Diseño,5,No,Media,18
C280,Construcción,21.9,Cliente,9,Sí,Baja,11
C281,Cierre,42.0,Ingeniería/Diseño,19,Sí,Baja,15
C282,Construcción,52.7,Normativo/Entidad,19,No,Baja,16
C283,Diseño,36.3,Construcción/Obra,19,No,Alta,17
C284,Construcción,4.3,Ingeniería/Diseño,7,Sí,Baja,10
C285,Diseño,16.3,Ingeniería/Diseño,10,No,Baja,5
C286,Construcción,34.4,Construcción/Obra,8,No,Media,14
C287,Construcción,53.4,Normativo/Entidad,12,No,Media,12
C288,Diseño,28.2,Ingeniería/Diseño,8,No,Alta,17
C289,Construcción,9.1,Ingeniería/Diseño,20,No,Alta,8
C290,Construcción,60.0,Ingeniería/Diseño,8,No,Alta,17
C291,Cierre,14.1,Ingeniería/Diseño,1,No,Media,12
C292,Diseño,38.0,Construcción/Obra,4,No,Alta,11
C293,Construcción,52.5,Cliente,8,Sí,Media,15
C294,Cierre,73.8,Cliente,18,No,Media,10
C295,Construcción,72.9,Ingeniería/Diseño,11,No,Media,19
C296,Diseño,85.8,Construcción/Obra,13,No,Alta,16
C297,Construcción,77.6,Ingeniería/Diseño,3,Sí,Media,16
C298,Construcción,95.5,Cliente,5,No,Media,14
C299,Cierre,34.5,Ingeniería/Diseño,12,No,Media,12
C300,Construcción,81.9,Normativo/Entidad,11,Sí,Alta,29
C301,Cierre,17.9,Ingeniería/Diseño,12,No,Alta,17
C302,Construcción,14.3,Ingeniería/Diseño,14,No,Media,10
C303,Diseño,47.7,Cliente,4,No,Media,12
C304,Cierre,67.1,Ingeniería/Diseño,9,Sí,Media,18
C305,Diseño,88.3,Ingeniería/Diseño,9,No,Alta,17
C306,Construcción,48.7,Construcción/Obra,18,No,Baja,8
C307,Construcción,90.5,Normativo/Entidad,1,No,Alta,16
C308,Cierre,37.8,Cliente,10,No,Baja,16
C309,Construcción,95.8,Ingeniería/Diseño,3,No,Baja,14
C310,Cierre,11.8,Ingeniería/Diseño,8,No,Media,13
C311,Diseño,58.5,Cliente,4,No,Media,9
C312,Construcción,72.8,Normativo/Entidad,7,No,Media,13
C313,Diseño,84.9,Ingeniería/Diseño,10,No,Alta,17
C314,Construcción,87.4,Construcción/Obra,11,No,Media,10
C315,Construcción,22.8,Normativo/Entidad,13,No,Media,9
C316,Construcción,90.0,Ingeniería/Diseño,7,No,Baja,9
C317,Diseño,81.0,Normativo/Entidad,10,No,Media,11
C318,Construcción,32.4,Cliente,3,Sí,Alta,19
C319,Diseño,79.9,Ingeniería/Diseño,2,Sí,Alta,18
C320,Construcción,39.0,Normativo/Entidad,8,No,Media,14
